Start Time,End Time,State,State Name
2022-01-02 09:00:00,2022-01-04 17:00:00,0,State 0
2022-01-04 18:00:00,2022-01-04 18:00:00,2,State 2
2022-01-04 19:00:00,2022-01-05 18:00:00,0,State 0
2022-01-05 19:00:00,2022-01-08 05:00:00,2,State 2
2022-01-08 06:00:00,2022-01-08 20:00:00,0,State 0
2022-01-08 21:00:00,2022-01-09 04:00:00,2,State 2
2022-01-09 05:00:00,2022-01-10 13:00:00,0,State 0
2022-01-10 14:00:00,2022-01-11 09:00:00,2,State 2
2022-01-11 10:00:00,2022-01-11 15:00:00,0,State 0
2022-01-11 16:00:00,2022-01-11 22:00:00,2,State 2
2022-01-11 23:00:00,2022-01-13 14:00:00,0,State 0
2022-01-13 15:00:00,2022-01-13 15:00:00,2,State 2
2022-01-13 16:00:00,2022-01-20 20:00:00,0,State 0
2022-01-20 21:00:00,2022-01-23 14:00:00,2,State 2
2022-01-23 15:00:00,2022-01-23 22:00:00,0,State 0
2022-01-23 23:00:00,2022-01-23 23:00:00,2,State 2
2022-01-24 00:00:00,2022-01-24 09:00:00,0,State 0
2022-01-24 10:00:00,2022-01-27 14:00:00,2,State 2
2022-01-27 15:00:00,2022-01-27 19:00:00,0,State 0
2022-01-27 20:00:00,2022-01-28 06:00:00,2,State 2
2022-01-28 07:00:00,2022-02-02 20:00:00,0,State 0
2022-02-02 21:00:00,2022-02-03 08:00:00,2,State 2
2022-02-03 09:00:00,2022-02-04 12:00:00,0,State 0
2022-02-04 13:00:00,2022-02-06 00:00:00,2,State 2
2022-02-06 01:00:00,2022-02-06 22:00:00,0,State 0
2022-02-06 23:00:00,2022-02-07 09:00:00,2,State 2
2022-02-07 10:00:00,2022-02-07 13:00:00,0,State 0
2022-02-07 14:00:00,2022-02-09 03:00:00,2,State 2
2022-02-09 04:00:00,2022-02-10 12:00:00,0,State 0
2022-02-10 13:00:00,2022-02-12 17:00:00,2,State 2
2022-02-12 18:00:00,2022-02-15 07:00:00,0,State 0
2022-02-15 08:00:00,2022-02-15 20:00:00,2,State 2
2022-02-15 21:00:00,2022-02-17 12:00:00,0,State 0
2022-02-17 13:00:00,2022-02-19 02:00:00,2,State 2
2022-02-19 03:00:00,2022-02-20 07:00:00,0,State 0
2022-02-20 08:00:00,2022-02-21 06:00:00,2,State 2
2022-02-21 07:00:00,2022-02-21 10:00:00,0,State 0
2022-02-21 11:00:00,2022-02-22 22:00:00,2,State 2
2022-02-22 23:00:00,2022-02-23 22:00:00,0,State 0
2022-02-23 23:00:00,2022-02-26 18:00:00,2,State 2
2022-02-26 19:00:00,2022-02-27 12:00:00,0,State 0
2022-02-27 13:00:00,2022-02-27 13:00:00,2,State 2
2022-02-27 14:00:00,2022-02-27 18:00:00,0,State 0
2022-02-27 19:00:00,2022-03-03 10:00:00,2,State 2
2022-03-03 11:00:00,2022-03-03 14:00:00,0,State 0
2022-03-03 15:00:00,2022-03-05 19:00:00,2,State 2
2022-03-05 20:00:00,2022-03-07 15:00:00,0,State 0
2022-03-07 16:00:00,2022-03-08 03:00:00,2,State 2
2022-03-08 04:00:00,2022-03-08 11:00:00,0,State 0
2022-03-08 12:00:00,2022-03-08 22:00:00,2,State 2
2022-03-08 23:00:00,2022-03-09 02:00:00,0,State 0
2022-03-09 03:00:00,2022-03-11 03:00:00,2,State 2
2022-03-11 04:00:00,2022-03-11 10:00:00,0,State 0
2022-03-11 11:00:00,2022-03-11 13:00:00,2,State 2
2022-03-11 14:00:00,2022-03-13 01:00:00,0,State 0
2022-03-13 02:00:00,2022-03-13 21:00:00,1,State 1
2022-03-13 22:00:00,2022-03-13 22:00:00,2,State 2
2022-03-13 23:00:00,2022-03-14 21:00:00,0,State 0
2022-03-14 22:00:00,2022-03-14 22:00:00,2,State 2
2022-03-14 23:00:00,2022-03-16 01:00:00,0,State 0
2022-03-16 02:00:00,2022-03-17 08:00:00,2,State 2
2022-03-17 09:00:00,2022-03-22 03:00:00,0,State 0
2022-03-22 04:00:00,2022-03-22 19:00:00,2,State 2
2022-03-22 20:00:00,2022-03-26 09:00:00,0,State 0
2022-03-26 10:00:00,2022-03-27 14:00:00,1,State 1
2022-03-27 15:00:00,2022-03-27 19:00:00,0,State 0
2022-03-27 20:00:00,2022-03-29 05:00:00,2,State 2
2022-03-29 06:00:00,2022-03-31 22:00:00,0,State 0
2022-03-31 23:00:00,2022-04-02 07:00:00,2,State 2
2022-04-02 08:00:00,2022-04-05 23:00:00,0,State 0
2022-04-06 00:00:00,2022-04-06 08:00:00,2,State 2
2022-04-06 09:00:00,2022-04-06 12:00:00,0,State 0
2022-04-06 13:00:00,2022-04-07 15:00:00,2,State 2
2022-04-07 16:00:00,2022-04-10 05:00:00,0,State 0
2022-04-10 06:00:00,2022-04-10 16:00:00,1,State 1
2022-04-10 17:00:00,2022-04-11 08:00:00,0,State 0
2022-04-11 09:00:00,2022-04-12 14:00:00,2,State 2
2022-04-12 15:00:00,2022-04-16 15:00:00,0,State 0
2022-04-16 16:00:00,2022-04-17 21:00:00,1,State 1
2022-04-17 22:00:00,2022-04-18 03:00:00,0,State 0
2022-04-18 04:00:00,2022-04-18 04:00:00,2,State 2
2022-04-18 05:00:00,2022-04-18 16:00:00,0,State 0
2022-04-18 17:00:00,2022-04-19 11:00:00,2,State 2
2022-04-19 12:00:00,2022-04-21 19:00:00,0,State 0
2022-04-21 20:00:00,2022-04-22 17:00:00,2,State 2
2022-04-22 18:00:00,2022-04-23 23:00:00,0,State 0
2022-04-24 00:00:00,2022-04-24 13:00:00,1,State 1
2022-04-24 14:00:00,2022-04-25 17:00:00,0,State 0
2022-04-25 18:00:00,2022-04-27 14:00:00,2,State 2
2022-04-27 15:00:00,2022-04-28 14:00:00,0,State 0
2022-04-28 15:00:00,2022-04-28 16:00:00,2,State 2
2022-04-28 17:00:00,2022-05-03 06:00:00,0,State 0
2022-05-03 07:00:00,2022-05-03 15:00:00,1,State 1
2022-05-03 16:00:00,2022-05-04 17:00:00,0,State 0
2022-05-04 18:00:00,2022-05-05 01:00:00,2,State 2
2022-05-05 02:00:00,2022-05-05 13:00:00,0,State 0
2022-05-05 14:00:00,2022-05-06 23:00:00,2,State 2
2022-05-07 00:00:00,2022-05-09 01:00:00,0,State 0
2022-05-09 02:00:00,2022-05-14 06:00:00,2,State 2
2022-05-14 07:00:00,2022-05-21 12:00:00,0,State 0
2022-05-21 13:00:00,2022-05-22 08:00:00,1,State 1
2022-05-22 09:00:00,2022-05-25 19:00:00,0,State 0
2022-05-25 20:00:00,2022-05-26 07:00:00,1,State 1
2022-05-26 08:00:00,2022-05-28 07:00:00,0,State 0
2022-05-28 08:00:00,2022-05-30 00:00:00,1,State 1
2022-05-30 01:00:00,2022-05-30 07:00:00,0,State 0
2022-05-30 08:00:00,2022-05-31 16:00:00,2,State 2
2022-05-31 17:00:00,2022-06-01 19:00:00,0,State 0
2022-06-01 20:00:00,2022-06-02 10:00:00,2,State 2
2022-06-02 11:00:00,2022-06-04 05:00:00,0,State 0
2022-06-04 06:00:00,2022-06-05 23:00:00,1,State 1
2022-06-06 00:00:00,2022-06-06 06:00:00,0,State 0
2022-06-06 07:00:00,2022-06-06 19:00:00,2,State 2
2022-06-06 20:00:00,2022-06-06 23:00:00,0,State 0
2022-06-07 00:00:00,2022-06-08 09:00:00,2,State 2
2022-06-08 10:00:00,2022-06-12 01:00:00,0,State 0
2022-06-12 02:00:00,2022-06-12 03:00:00,2,State 2
2022-06-12 04:00:00,2022-06-12 13:00:00,0,State 0
2022-06-12 14:00:00,2022-06-12 14:00:00,2,State 2
2022-06-12 15:00:00,2022-06-12 22:00:00,0,State 0
2022-06-12 23:00:00,2022-06-16 23:00:00,2,State 2
2022-06-17 00:00:00,2022-06-18 05:00:00,0,State 0
2022-06-18 06:00:00,2022-06-18 06:00:00,2,State 2
2022-06-18 07:00:00,2022-06-18 14:00:00,0,State 0
2022-06-18 15:00:00,2022-06-20 16:00:00,2,State 2
2022-06-20 17:00:00,2022-06-25 14:00:00,0,State 0
2022-06-25 15:00:00,2022-06-27 12:00:00,1,State 1
2022-06-27 13:00:00,2022-06-28 05:00:00,0,State 0
2022-06-28 06:00:00,2022-06-28 17:00:00,1,State 1
2022-06-28 18:00:00,2022-06-29 20:00:00,0,State 0
2022-06-29 21:00:00,2022-06-30 05:00:00,1,State 1
2022-06-30 06:00:00,2022-06-30 22:00:00,0,State 0
2022-06-30 23:00:00,2022-07-01 03:00:00,2,State 2
2022-07-01 04:00:00,2022-07-02 00:00:00,0,State 0
2022-07-02 01:00:00,2022-07-03 03:00:00,1,State 1
2022-07-03 04:00:00,2022-07-03 04:00:00,0,State 0
2022-07-03 05:00:00,2022-07-04 14:00:00,1,State 1
2022-07-04 15:00:00,2022-07-06 11:00:00,0,State 0
2022-07-06 12:00:00,2022-07-07 13:00:00,1,State 1
2022-07-07 14:00:00,2022-07-08 00:00:00,0,State 0
2022-07-08 01:00:00,2022-07-08 09:00:00,2,State 2
2022-07-08 10:00:00,2022-07-09 05:00:00,0,State 0
2022-07-09 06:00:00,2022-07-10 12:00:00,1,State 1
2022-07-10 13:00:00,2022-07-13 11:00:00,0,State 0
2022-07-13 12:00:00,2022-07-13 12:00:00,2,State 2
2022-07-13 13:00:00,2022-07-16 05:00:00,0,State 0
2022-07-16 06:00:00,2022-07-16 15:00:00,1,State 1
2022-07-16 16:00:00,2022-07-17 17:00:00,0,State 0
2022-07-17 18:00:00,2022-07-18 04:00:00,1,State 1
2022-07-18 05:00:00,2022-07-19 16:00:00,0,State 0
2022-07-19 17:00:00,2022-07-20 07:00:00,2,State 2
2022-07-20 08:00:00,2022-07-24 12:00:00,0,State 0
2022-07-24 13:00:00,2022-07-24 21:00:00,1,State 1
2022-07-24 22:00:00,2022-07-27 04:00:00,0,State 0
2022-07-27 05:00:00,2022-07-27 17:00:00,1,State 1
2022-07-27 18:00:00,2022-07-28 15:00:00,2,State 2
2022-07-28 16:00:00,2022-07-30 03:00:00,0,State 0
2022-07-30 04:00:00,2022-07-30 11:00:00,1,State 1
2022-07-30 12:00:00,2022-07-31 13:00:00,0,State 0
2022-07-31 14:00:00,2022-07-31 17:00:00,1,State 1
2022-07-31 18:00:00,2022-07-31 18:00:00,0,State 0
2022-07-31 19:00:00,2022-08-01 02:00:00,1,State 1
2022-08-01 03:00:00,2022-08-02 19:00:00,0,State 0
2022-08-02 20:00:00,2022-08-05 05:00:00,1,State 1
2022-08-05 06:00:00,2022-08-05 20:00:00,0,State 0
2022-08-05 21:00:00,2022-08-08 05:00:00,1,State 1
2022-08-08 06:00:00,2022-08-09 03:00:00,0,State 0
2022-08-09 04:00:00,2022-08-09 12:00:00,1,State 1
2022-08-09 13:00:00,2022-08-10 11:00:00,0,State 0
2022-08-10 12:00:00,2022-08-10 12:00:00,2,State 2
2022-08-10 13:00:00,2022-08-12 09:00:00,0,State 0
2022-08-12 10:00:00,2022-08-13 00:00:00,1,State 1
2022-08-13 01:00:00,2022-08-13 15:00:00,0,State 0
2022-08-13 16:00:00,2022-08-15 05:00:00,1,State 1
2022-08-15 06:00:00,2022-08-17 00:00:00,0,State 0
2022-08-17 01:00:00,2022-08-17 06:00:00,1,State 1
2022-08-17 07:00:00,2022-08-17 07:00:00,0,State 0
2022-08-17 08:00:00,2022-08-17 11:00:00,1,State 1
2022-08-17 12:00:00,2022-08-18 02:00:00,0,State 0
2022-08-18 03:00:00,2022-08-19 02:00:00,1,State 1
2022-08-19 03:00:00,2022-08-19 05:00:00,0,State 0
2022-08-19 06:00:00,2022-08-20 01:00:00,2,State 2
2022-08-20 02:00:00,2022-08-21 05:00:00,0,State 0
2022-08-21 06:00:00,2022-08-26 11:00:00,1,State 1
2022-08-26 12:00:00,2022-08-27 01:00:00,0,State 0
2022-08-27 02:00:00,2022-08-27 09:00:00,2,State 2
2022-08-27 10:00:00,2022-08-28 07:00:00,0,State 0
2022-08-28 08:00:00,2022-08-30 13:00:00,1,State 1
2022-08-30 14:00:00,2022-08-31 07:00:00,0,State 0
2022-08-31 08:00:00,2022-09-06 16:00:00,1,State 1
2022-09-06 17:00:00,2022-09-07 20:00:00,0,State 0
2022-09-07 21:00:00,2022-09-09 02:00:00,1,State 1
2022-09-09 03:00:00,2022-09-09 07:00:00,0,State 0
2022-09-09 08:00:00,2022-09-10 02:00:00,2,State 2
2022-09-10 03:00:00,2022-09-11 05:00:00,0,State 0
2022-09-11 06:00:00,2022-09-12 00:00:00,1,State 1
2022-09-12 01:00:00,2022-09-13 06:00:00,0,State 0
2022-09-13 07:00:00,2022-09-13 11:00:00,1,State 1
2022-09-13 12:00:00,2022-09-13 12:00:00,2,State 2
2022-09-13 13:00:00,2022-09-13 16:00:00,0,State 0
2022-09-13 17:00:00,2022-09-14 08:00:00,2,State 2
2022-09-14 09:00:00,2022-09-16 02:00:00,0,State 0
2022-09-16 03:00:00,2022-09-16 12:00:00,1,State 1
2022-09-16 13:00:00,2022-09-16 20:00:00,0,State 0
2022-09-16 21:00:00,2022-09-19 00:00:00,1,State 1
2022-09-19 01:00:00,2022-09-19 05:00:00,0,State 0
2022-09-19 06:00:00,2022-09-19 15:00:00,2,State 2
2022-09-19 16:00:00,2022-09-20 05:00:00,0,State 0
2022-09-20 06:00:00,2022-09-21 16:00:00,1,State 1
2022-09-21 17:00:00,2022-09-21 17:00:00,0,State 0
2022-09-21 18:00:00,2022-09-21 18:00:00,2,State 2
2022-09-21 19:00:00,2022-09-22 20:00:00,0,State 0
2022-09-22 21:00:00,2022-09-23 12:00:00,1,State 1
2022-09-23 13:00:00,2022-09-24 03:00:00,0,State 0
2022-09-24 04:00:00,2022-09-27 00:00:00,1,State 1
2022-09-27 01:00:00,2022-09-29 05:00:00,0,State 0
2022-09-29 06:00:00,2022-09-30 13:00:00,1,State 1
2022-09-30 14:00:00,2022-10-01 10:00:00,0,State 0
2022-10-01 11:00:00,2022-10-04 07:00:00,1,State 1
2022-10-04 08:00:00,2022-10-05 08:00:00,0,State 0
2022-10-05 09:00:00,2022-10-07 11:00:00,1,State 1
2022-10-07 12:00:00,2022-10-07 12:00:00,0,State 0
2022-10-07 13:00:00,2022-10-13 09:00:00,1,State 1
2022-10-13 10:00:00,2022-10-14 21:00:00,0,State 0
2022-10-14 22:00:00,2022-10-25 16:00:00,1,State 1
2022-10-25 17:00:00,2022-10-27 07:00:00,0,State 0
2022-10-27 08:00:00,2022-11-02 17:00:00,1,State 1
2022-11-02 18:00:00,2022-11-02 19:00:00,0,State 0
2022-11-02 20:00:00,2022-11-04 11:00:00,1,State 1
2022-11-04 12:00:00,2022-11-05 17:00:00,0,State 0
2022-11-05 18:00:00,2022-11-08 02:00:00,1,State 1
2022-11-08 03:00:00,2022-11-08 15:00:00,0,State 0
2022-11-08 16:00:00,2022-11-10 21:00:00,2,State 2
2022-11-10 22:00:00,2022-11-12 08:00:00,0,State 0
2022-11-12 09:00:00,2022-11-14 00:00:00,1,State 1
2022-11-14 01:00:00,2022-11-15 07:00:00,0,State 0
2022-11-15 08:00:00,2022-11-21 01:00:00,1,State 1
2022-11-21 02:00:00,2022-11-21 13:00:00,0,State 0
2022-11-21 14:00:00,2022-11-21 18:00:00,1,State 1
2022-11-21 19:00:00,2022-11-22 13:00:00,0,State 0
2022-11-22 14:00:00,2022-11-23 01:00:00,1,State 1
2022-11-23 02:00:00,2022-11-23 14:00:00,0,State 0
2022-11-23 15:00:00,2022-11-30 05:00:00,1,State 1
2022-11-30 06:00:00,2022-11-30 14:00:00,0,State 0
2022-11-30 15:00:00,2022-12-13 12:00:00,1,State 1
2022-12-13 13:00:00,2022-12-15 03:00:00,0,State 0
2022-12-15 04:00:00,2022-12-16 13:00:00,1,State 1
2022-12-16 14:00:00,2022-12-17 09:00:00,0,State 0
2022-12-17 10:00:00,2023-01-09 03:00:00,1,State 1
2023-01-09 04:00:00,2023-01-10 01:00:00,0,State 0
2023-01-10 02:00:00,2023-01-11 22:00:00,1,State 1
2023-01-11 23:00:00,2023-01-13 23:00:00,0,State 0
2023-01-14 00:00:00,2023-01-14 16:00:00,2,State 2
2023-01-14 17:00:00,2023-01-15 09:00:00,0,State 0
2023-01-15 10:00:00,2023-01-17 13:00:00,1,State 1
2023-01-17 14:00:00,2023-01-17 14:00:00,0,State 0
2023-01-17 15:00:00,2023-01-18 14:00:00,1,State 1
2023-01-18 15:00:00,2023-01-19 10:00:00,0,State 0
2023-01-19 11:00:00,2023-01-20 19:00:00,1,State 1
2023-01-20 20:00:00,2023-01-21 20:00:00,2,State 2
2023-01-21 21:00:00,2023-01-22 10:00:00,0,State 0
2023-01-22 11:00:00,2023-01-23 13:00:00,1,State 1
2023-01-23 14:00:00,2023-01-23 14:00:00,0,State 0
2023-01-23 15:00:00,2023-01-25 20:00:00,1,State 1
2023-01-25 21:00:00,2023-01-25 22:00:00,2,State 2
2023-01-25 23:00:00,2023-01-26 17:00:00,0,State 0
2023-01-26 18:00:00,2023-01-29 14:00:00,1,State 1
2023-01-29 15:00:00,2023-01-31 07:00:00,0,State 0
2023-01-31 08:00:00,2023-02-01 18:00:00,1,State 1
2023-02-01 19:00:00,2023-02-02 21:00:00,0,State 0
2023-02-02 22:00:00,2023-02-05 19:00:00,1,State 1
2023-02-05 20:00:00,2023-02-06 06:00:00,0,State 0
2023-02-06 07:00:00,2023-02-07 16:00:00,1,State 1
2023-02-07 17:00:00,2023-02-07 18:00:00,0,State 0
2023-02-07 19:00:00,2023-02-09 18:00:00,1,State 1
2023-02-09 19:00:00,2023-02-11 05:00:00,0,State 0
2023-02-11 06:00:00,2023-02-14 13:00:00,1,State 1
2023-02-14 14:00:00,2023-02-14 15:00:00,0,State 0
2023-02-14 16:00:00,2023-02-15 11:00:00,1,State 1
2023-02-15 12:00:00,2023-02-15 19:00:00,0,State 0
2023-02-15 20:00:00,2023-02-17 03:00:00,2,State 2
2023-02-17 04:00:00,2023-02-18 11:00:00,0,State 0
2023-02-18 12:00:00,2023-02-19 15:00:00,1,State 1
2023-02-19 16:00:00,2023-02-19 17:00:00,0,State 0
2023-02-19 18:00:00,2023-02-19 22:00:00,1,State 1
2023-02-19 23:00:00,2023-02-20 21:00:00,0,State 0
2023-02-20 22:00:00,2023-02-21 07:00:00,1,State 1
2023-02-21 08:00:00,2023-02-21 08:00:00,0,State 0
2023-02-21 09:00:00,2023-02-21 20:00:00,1,State 1
2023-02-21 21:00:00,2023-02-23 15:00:00,0,State 0
2023-02-23 16:00:00,2023-02-24 14:00:00,1,State 1
2023-02-24 15:00:00,2023-02-25 22:00:00,0,State 0
2023-02-25 23:00:00,2023-03-03 00:00:00,1,State 1
2023-03-03 01:00:00,2023-03-03 01:00:00,2,State 2
2023-03-03 02:00:00,2023-03-04 03:00:00,0,State 0
2023-03-04 04:00:00,2023-03-07 14:00:00,1,State 1
2023-03-07 15:00:00,2023-03-07 15:00:00,0,State 0
2023-03-07 16:00:00,2023-03-09 17:00:00,1,State 1
2023-03-09 18:00:00,2023-03-09 19:00:00,0,State 0
2023-03-09 20:00:00,2023-03-10 15:00:00,2,State 2
2023-03-10 16:00:00,2023-03-12 21:00:00,0,State 0
2023-03-12 22:00:00,2023-03-15 07:00:00,2,State 2
2023-03-15 08:00:00,2023-03-17 09:00:00,0,State 0
2023-03-17 10:00:00,2023-03-18 07:00:00,2,State 2
2023-03-18 08:00:00,2023-03-19 03:00:00,0,State 0
2023-03-19 04:00:00,2023-03-19 14:00:00,1,State 1
2023-03-19 15:00:00,2023-03-21 19:00:00,0,State 0
2023-03-21 20:00:00,2023-03-22 17:00:00,1,State 1
2023-03-22 18:00:00,2023-03-23 01:00:00,2,State 2
2023-03-23 02:00:00,2023-03-25 16:00:00,0,State 0
2023-03-25 17:00:00,2023-03-26 12:00:00,1,State 1
2023-03-26 13:00:00,2023-03-26 14:00:00,0,State 0
2023-03-26 15:00:00,2023-03-27 13:00:00,1,State 1
2023-03-27 14:00:00,2023-03-28 18:00:00,0,State 0
2023-03-28 19:00:00,2023-03-29 05:00:00,1,State 1
2023-03-29 06:00:00,2023-03-30 01:00:00,0,State 0
2023-03-30 02:00:00,2023-03-30 03:00:00,2,State 2
2023-03-30 04:00:00,2023-04-01 03:00:00,0,State 0
2023-04-01 04:00:00,2023-04-03 00:00:00,1,State 1
2023-04-03 01:00:00,2023-04-03 14:00:00,0,State 0
2023-04-03 15:00:00,2023-04-03 19:00:00,1,State 1
2023-04-03 20:00:00,2023-04-04 16:00:00,0,State 0
2023-04-04 17:00:00,2023-04-04 23:00:00,1,State 1
2023-04-05 00:00:00,2023-04-05 00:00:00,0,State 0
2023-04-05 01:00:00,2023-04-10 15:00:00,1,State 1
2023-04-10 16:00:00,2023-04-10 23:00:00,0,State 0
2023-04-11 00:00:00,2023-04-11 13:00:00,2,State 2
2023-04-11 14:00:00,2023-04-12 13:00:00,0,State 0
2023-04-12 14:00:00,2023-04-13 23:00:00,1,State 1
2023-04-14 00:00:00,2023-04-14 19:00:00,0,State 0
2023-04-14 20:00:00,2023-04-16 23:00:00,1,State 1
2023-04-17 00:00:00,2023-04-17 00:00:00,0,State 0
2023-04-17 01:00:00,2023-04-17 10:00:00,1,State 1
2023-04-17 11:00:00,2023-04-19 01:00:00,0,State 0
2023-04-19 02:00:00,2023-04-19 07:00:00,1,State 1
2023-04-19 08:00:00,2023-04-19 08:00:00,2,State 2
2023-04-19 09:00:00,2023-04-22 20:00:00,0,State 0
2023-04-22 21:00:00,2023-04-25 19:00:00,1,State 1
2023-04-25 20:00:00,2023-04-26 08:00:00,0,State 0
2023-04-26 09:00:00,2023-04-27 15:00:00,2,State 2
2023-04-27 16:00:00,2023-04-28 15:00:00,0,State 0
2023-04-28 16:00:00,2023-04-30 14:00:00,1,State 1
2023-04-30 15:00:00,2023-04-30 15:00:00,0,State 0
2023-04-30 16:00:00,2023-05-01 00:00:00,1,State 1
2023-05-01 01:00:00,2023-05-03 09:00:00,0,State 0
2023-05-03 10:00:00,2023-05-03 16:00:00,1,State 1
2023-05-03 17:00:00,2023-05-04 19:00:00,0,State 0
2023-05-04 20:00:00,2023-05-06 13:00:00,1,State 1
2023-05-06 14:00:00,2023-05-07 05:00:00,0,State 0
2023-05-07 06:00:00,2023-05-07 22:00:00,1,State 1
2023-05-07 23:00:00,2023-05-10 02:00:00,0,State 0
2023-05-10 03:00:00,2023-05-10 11:00:00,1,State 1
2023-05-10 12:00:00,2023-05-10 12:00:00,0,State 0
2023-05-10 13:00:00,2023-05-10 16:00:00,1,State 1
2023-05-10 17:00:00,2023-05-10 17:00:00,2,State 2
2023-05-10 18:00:00,2023-05-13 14:00:00,0,State 0
2023-05-13 15:00:00,2023-05-15 00:00:00,1,State 1
2023-05-15 01:00:00,2023-05-15 01:00:00,0,State 0
2023-05-15 02:00:00,2023-05-15 09:00:00,1,State 1
2023-05-15 10:00:00,2023-05-15 18:00:00,0,State 0
2023-05-15 19:00:00,2023-05-17 18:00:00,1,State 1
2023-05-17 19:00:00,2023-05-18 09:00:00,0,State 0
2023-05-18 10:00:00,2023-05-18 16:00:00,1,State 1
2023-05-18 17:00:00,2023-05-19 09:00:00,0,State 0
2023-05-19 10:00:00,2023-05-19 14:00:00,1,State 1
2023-05-19 15:00:00,2023-05-19 15:00:00,0,State 0
2023-05-19 16:00:00,2023-05-24 02:00:00,1,State 1
2023-05-24 03:00:00,2023-05-24 03:00:00,0,State 0
2023-05-24 04:00:00,2023-05-24 09:00:00,1,State 1
2023-05-24 10:00:00,2023-05-25 12:00:00,0,State 0
2023-05-25 13:00:00,2023-05-28 03:00:00,1,State 1
2023-05-28 04:00:00,2023-05-29 20:00:00,0,State 0
2023-05-29 21:00:00,2023-05-31 03:00:00,1,State 1
2023-05-31 04:00:00,2023-06-01 02:00:00,0,State 0
2023-06-01 03:00:00,2023-06-05 08:00:00,1,State 1
2023-06-05 09:00:00,2023-06-06 22:00:00,0,State 0
2023-06-06 23:00:00,2023-06-07 08:00:00,2,State 2
2023-06-07 09:00:00,2023-06-07 21:00:00,0,State 0
2023-06-07 22:00:00,2023-06-10 03:00:00,1,State 1
2023-06-10 04:00:00,2023-06-11 01:00:00,0,State 0
2023-06-11 02:00:00,2023-06-13 11:00:00,1,State 1
2023-06-13 12:00:00,2023-06-13 12:00:00,0,State 0
2023-06-13 13:00:00,2023-06-14 19:00:00,1,State 1
2023-06-14 20:00:00,2023-06-14 20:00:00,2,State 2
2023-06-14 21:00:00,2023-06-16 06:00:00,0,State 0
2023-06-16 07:00:00,2023-06-16 16:00:00,1,State 1
2023-06-16 17:00:00,2023-06-17 16:00:00,0,State 0
2023-06-17 17:00:00,2023-06-19 17:00:00,1,State 1
2023-06-19 18:00:00,2023-06-19 18:00:00,0,State 0
2023-06-19 19:00:00,2023-06-20 14:00:00,1,State 1
2023-06-20 15:00:00,2023-06-20 22:00:00,0,State 0
2023-06-20 23:00:00,2023-06-22 14:00:00,2,State 2
2023-06-22 15:00:00,2023-06-23 01:00:00,0,State 0
2023-06-23 02:00:00,2023-06-23 14:00:00,1,State 1
2023-06-23 15:00:00,2023-06-23 15:00:00,2,State 2
2023-06-23 16:00:00,2023-06-24 11:00:00,0,State 0
2023-06-24 12:00:00,2023-06-30 03:00:00,1,State 1
2023-06-30 04:00:00,2023-06-30 12:00:00,0,State 0
2023-06-30 13:00:00,2023-06-30 13:00:00,2,State 2
2023-06-30 14:00:00,2023-07-01 08:00:00,0,State 0
2023-07-01 09:00:00,2023-07-03 21:00:00,1,State 1
2023-07-03 22:00:00,2023-07-04 08:00:00,0,State 0
2023-07-04 09:00:00,2023-07-05 12:00:00,1,State 1
2023-07-05 13:00:00,2023-07-06 00:00:00,0,State 0
2023-07-06 01:00:00,2023-07-06 07:00:00,1,State 1
2023-07-06 08:00:00,2023-07-07 13:00:00,0,State 0
2023-07-07 14:00:00,2023-07-10 18:00:00,1,State 1
2023-07-10 19:00:00,2023-07-10 21:00:00,0,State 0
2023-07-10 22:00:00,2023-07-13 14:00:00,1,State 1
2023-07-13 15:00:00,2023-07-15 15:00:00,0,State 0
2023-07-15 16:00:00,2023-07-20 13:00:00,1,State 1
2023-07-20 14:00:00,2023-07-20 14:00:00,0,State 0
2023-07-20 15:00:00,2023-07-24 08:00:00,1,State 1
2023-07-24 09:00:00,2023-07-25 09:00:00,0,State 0
2023-07-25 10:00:00,2023-08-01 01:00:00,1,State 1
2023-08-01 02:00:00,2023-08-01 02:00:00,0,State 0
2023-08-01 03:00:00,2023-08-01 22:00:00,1,State 1
2023-08-01 23:00:00,2023-08-02 20:00:00,0,State 0
2023-08-02 21:00:00,2023-08-08 15:00:00,1,State 1
2023-08-08 16:00:00,2023-08-09 21:00:00,0,State 0
2023-08-09 22:00:00,2023-08-16 23:00:00,1,State 1
2023-08-17 00:00:00,2023-08-17 19:00:00,0,State 0
2023-08-17 20:00:00,2023-08-18 22:00:00,2,State 2
2023-08-18 23:00:00,2023-08-19 17:00:00,0,State 0
2023-08-19 18:00:00,2023-08-22 20:00:00,1,State 1
2023-08-22 21:00:00,2023-08-22 21:00:00,0,State 0
2023-08-22 22:00:00,2023-08-23 15:00:00,1,State 1
2023-08-23 16:00:00,2023-08-23 21:00:00,0,State 0
2023-08-23 22:00:00,2023-08-25 13:00:00,1,State 1
2023-08-25 14:00:00,2023-08-25 14:00:00,0,State 0
2023-08-25 15:00:00,2023-08-29 13:00:00,1,State 1
2023-08-29 14:00:00,2023-08-30 09:00:00,2,State 2
2023-08-30 10:00:00,2023-08-30 19:00:00,0,State 0
2023-08-30 20:00:00,2023-08-31 14:00:00,1,State 1
2023-08-31 15:00:00,2023-08-31 22:00:00,0,State 0
2023-08-31 23:00:00,2023-09-01 07:00:00,2,State 2
2023-09-01 08:00:00,2023-09-02 08:00:00,0,State 0
2023-09-02 09:00:00,2023-09-06 16:00:00,1,State 1
2023-09-06 17:00:00,2023-09-06 17:00:00,0,State 0
2023-09-06 18:00:00,2023-09-07 20:00:00,1,State 1
2023-09-07 21:00:00,2023-09-08 13:00:00,0,State 0
2023-09-08 14:00:00,2023-09-11 13:00:00,1,State 1
2023-09-11 14:00:00,2023-09-13 07:00:00,0,State 0
2023-09-13 08:00:00,2023-09-13 23:00:00,1,State 1
2023-09-14 00:00:00,2023-09-15 11:00:00,0,State 0
2023-09-15 12:00:00,2023-09-18 09:00:00,1,State 1
2023-09-18 10:00:00,2023-09-19 01:00:00,0,State 0
2023-09-19 02:00:00,2023-09-25 06:00:00,1,State 1
2023-09-25 07:00:00,2023-09-25 13:00:00,0,State 0
2023-09-25 14:00:00,2023-09-27 17:00:00,1,State 1
2023-09-27 18:00:00,2023-09-27 21:00:00,0,State 0
2023-09-27 22:00:00,2023-09-28 15:00:00,1,State 1
2023-09-28 16:00:00,2023-09-29 08:00:00,0,State 0
2023-09-29 09:00:00,2023-10-01 21:00:00,1,State 1
2023-10-01 22:00:00,2023-10-01 22:00:00,2,State 2
2023-10-01 23:00:00,2023-10-03 10:00:00,0,State 0
2023-10-03 11:00:00,2023-10-03 16:00:00,1,State 1
2023-10-03 17:00:00,2023-10-04 02:00:00,0,State 0
2023-10-04 03:00:00,2023-10-05 14:00:00,1,State 1
2023-10-05 15:00:00,2023-10-05 15:00:00,0,State 0
2023-10-05 16:00:00,2023-10-06 11:00:00,1,State 1
2023-10-06 12:00:00,2023-10-06 13:00:00,0,State 0
2023-10-06 14:00:00,2023-10-06 20:00:00,1,State 1
2023-10-06 21:00:00,2023-10-07 08:00:00,0,State 0
2023-10-07 09:00:00,2023-10-09 15:00:00,1,State 1
2023-10-09 16:00:00,2023-10-09 23:00:00,0,State 0
2023-10-10 00:00:00,2023-10-11 14:00:00,1,State 1
2023-10-11 15:00:00,2023-10-12 05:00:00,0,State 0
2023-10-12 06:00:00,2023-10-16 04:00:00,1,State 1
2023-10-16 05:00:00,2023-10-16 12:00:00,0,State 0
2023-10-16 13:00:00,2023-10-17 08:00:00,2,State 2
2023-10-17 09:00:00,2023-10-18 09:00:00,0,State 0
2023-10-18 10:00:00,2023-10-20 01:00:00,1,State 1
2023-10-20 02:00:00,2023-10-21 08:00:00,0,State 0
2023-10-21 09:00:00,2023-10-21 16:00:00,1,State 1
2023-10-21 17:00:00,2023-10-22 07:00:00,0,State 0
2023-10-22 08:00:00,2023-10-23 00:00:00,1,State 1
2023-10-23 01:00:00,2023-10-23 21:00:00,0,State 0
2023-10-23 22:00:00,2023-10-25 03:00:00,2,State 2
2023-10-25 04:00:00,2023-10-27 03:00:00,0,State 0
2023-10-27 04:00:00,2023-10-27 13:00:00,1,State 1
2023-10-27 14:00:00,2023-10-28 13:00:00,0,State 0
2023-10-28 14:00:00,2023-10-29 16:00:00,1,State 1
2023-10-29 17:00:00,2023-10-30 03:00:00,0,State 0
2023-10-30 04:00:00,2023-11-01 11:00:00,1,State 1
2023-11-01 12:00:00,2023-11-03 18:00:00,0,State 0
2023-11-03 19:00:00,2023-11-05 20:00:00,1,State 1
2023-11-05 21:00:00,2023-11-05 21:00:00,0,State 0
2023-11-05 22:00:00,2023-11-07 17:00:00,1,State 1
2023-11-07 18:00:00,2023-11-08 14:00:00,0,State 0
2023-11-08 15:00:00,2023-11-08 20:00:00,1,State 1
2023-11-08 21:00:00,2023-11-09 08:00:00,0,State 0
2023-11-09 09:00:00,2023-11-09 23:00:00,2,State 2
2023-11-10 00:00:00,2023-11-11 08:00:00,0,State 0
2023-11-11 09:00:00,2023-11-13 20:00:00,1,State 1
2023-11-13 21:00:00,2023-11-14 17:00:00,0,State 0
2023-11-14 18:00:00,2023-11-14 18:00:00,2,State 2
2023-11-14 19:00:00,2023-11-15 17:00:00,0,State 0
2023-11-15 18:00:00,2023-11-16 11:00:00,2,State 2
2023-11-16 12:00:00,2023-11-18 04:00:00,0,State 0
2023-11-18 05:00:00,2023-11-19 22:00:00,1,State 1
2023-11-19 23:00:00,2023-11-21 09:00:00,0,State 0
2023-11-21 10:00:00,2023-11-21 13:00:00,1,State 1
2023-11-21 14:00:00,2023-11-23 18:00:00,0,State 0
2023-11-23 19:00:00,2023-11-24 09:00:00,1,State 1
2023-11-24 10:00:00,2023-11-25 11:00:00,0,State 0
2023-11-25 12:00:00,2023-11-26 19:00:00,1,State 1
2023-11-26 20:00:00,2023-11-27 03:00:00,0,State 0
2023-11-27 04:00:00,2023-11-27 09:00:00,1,State 1
2023-11-27 10:00:00,2023-11-28 04:00:00,0,State 0
2023-11-28 05:00:00,2023-11-28 15:00:00,1,State 1
2023-11-28 16:00:00,2023-11-29 22:00:00,0,State 0
2023-11-29 23:00:00,2023-12-01 07:00:00,1,State 1
2023-12-01 08:00:00,2023-12-04 04:00:00,0,State 0
2023-12-04 05:00:00,2023-12-04 22:00:00,2,State 2
2023-12-04 23:00:00,2023-12-05 16:00:00,0,State 0
2023-12-05 17:00:00,2023-12-06 15:00:00,2,State 2
2023-12-06 16:00:00,2023-12-09 17:00:00,0,State 0
2023-12-09 18:00:00,2023-12-11 00:00:00,1,State 1
2023-12-11 01:00:00,2023-12-11 01:00:00,0,State 0
2023-12-11 02:00:00,2023-12-12 14:00:00,2,State 2
2023-12-12 15:00:00,2023-12-13 18:00:00,0,State 0
2023-12-13 19:00:00,2023-12-14 17:00:00,2,State 2
2023-12-14 18:00:00,2023-12-16 19:00:00,0,State 0
2023-12-16 20:00:00,2023-12-17 00:00:00,1,State 1
2023-12-17 01:00:00,2023-12-18 20:00:00,0,State 0
2023-12-18 21:00:00,2023-12-19 14:00:00,2,State 2
2023-12-19 15:00:00,2023-12-22 20:00:00,0,State 0
2023-12-22 21:00:00,2023-12-24 21:00:00,1,State 1
2023-12-24 22:00:00,2023-12-25 19:00:00,0,State 0
2023-12-25 20:00:00,2023-12-26 04:00:00,1,State 1
2023-12-26 05:00:00,2023-12-31 04:00:00,0,State 0
2023-12-31 05:00:00,2024-01-01 17:00:00,1,State 1
2024-01-01 18:00:00,2024-01-01 22:00:00,0,State 0
2024-01-01 23:00:00,2024-01-03 01:00:00,2,State 2
2024-01-03 02:00:00,2024-01-03 10:00:00,0,State 0
2024-01-03 11:00:00,2024-01-04 09:00:00,2,State 2
2024-01-04 10:00:00,2024-01-05 00:00:00,0,State 0
2024-01-05 01:00:00,2024-01-05 08:00:00,2,State 2
2024-01-05 09:00:00,2024-01-05 13:00:00,0,State 0
2024-01-05 14:00:00,2024-01-05 20:00:00,2,State 2
2024-01-05 21:00:00,2024-01-06 15:00:00,0,State 0
2024-01-06 16:00:00,2024-01-07 21:00:00,1,State 1
2024-01-07 22:00:00,2024-01-08 16:00:00,0,State 0
2024-01-08 17:00:00,2024-01-12 10:00:00,2,State 2
2024-01-12 11:00:00,2024-01-12 14:00:00,0,State 0
2024-01-12 15:00:00,2024-01-13 19:00:00,2,State 2
2024-01-13 20:00:00,2024-01-18 02:00:00,0,State 0
2024-01-18 03:00:00,2024-01-18 15:00:00,1,State 1
2024-01-18 16:00:00,2024-01-19 00:00:00,0,State 0
2024-01-19 01:00:00,2024-01-19 10:00:00,2,State 2
2024-01-19 11:00:00,2024-01-19 16:00:00,0,State 0
2024-01-19 17:00:00,2024-01-20 00:00:00,2,State 2
2024-01-20 01:00:00,2024-01-20 23:00:00,0,State 0
2024-01-21 00:00:00,2024-01-22 03:00:00,1,State 1
2024-01-22 04:00:00,2024-01-22 18:00:00,0,State 0
2024-01-22 19:00:00,2024-01-23 21:00:00,2,State 2
2024-01-23 22:00:00,2024-01-25 12:00:00,0,State 0
2024-01-25 13:00:00,2024-01-26 09:00:00,1,State 1
2024-01-26 10:00:00,2024-01-26 15:00:00,0,State 0
2024-01-26 16:00:00,2024-01-27 05:00:00,2,State 2
2024-01-27 06:00:00,2024-01-29 06:00:00,0,State 0
2024-01-29 07:00:00,2024-01-29 14:00:00,1,State 1
2024-01-29 15:00:00,2024-02-03 05:00:00,0,State 0
2024-02-03 06:00:00,2024-02-04 21:00:00,1,State 1
2024-02-04 22:00:00,2024-02-06 10:00:00,0,State 0
2024-02-06 11:00:00,2024-02-07 16:00:00,1,State 1
2024-02-07 17:00:00,2024-02-07 23:00:00,0,State 0
2024-02-08 00:00:00,2024-02-10 06:00:00,2,State 2
2024-02-10 07:00:00,2024-02-12 13:00:00,0,State 0
2024-02-12 14:00:00,2024-02-13 14:00:00,2,State 2
2024-02-13 15:00:00,2024-02-14 07:00:00,0,State 0
2024-02-14 08:00:00,2024-02-15 04:00:00,2,State 2
2024-02-15 05:00:00,2024-02-15 13:00:00,0,State 0
2024-02-15 14:00:00,2024-02-15 18:00:00,2,State 2
2024-02-15 19:00:00,2024-02-26 14:00:00,0,State 0
2024-02-26 15:00:00,2024-03-02 03:00:00,2,State 2
2024-03-02 04:00:00,2024-03-03 23:00:00,0,State 0
2024-03-04 00:00:00,2024-03-09 13:00:00,2,State 2
2024-03-09 14:00:00,2024-03-10 08:00:00,0,State 0
2024-03-10 09:00:00,2024-03-29 04:00:00,2,State 2
2024-03-29 05:00:00,2024-03-29 14:00:00,0,State 0
2024-03-29 15:00:00,2024-03-29 15:00:00,2,State 2
2024-03-29 16:00:00,2024-04-01 04:00:00,0,State 0
2024-04-01 05:00:00,2024-04-04 03:00:00,2,State 2
2024-04-04 04:00:00,2024-04-04 12:00:00,0,State 0
2024-04-04 13:00:00,2024-04-06 07:00:00,2,State 2
2024-04-06 08:00:00,2024-04-06 22:00:00,0,State 0
2024-04-06 23:00:00,2024-04-08 01:00:00,2,State 2
2024-04-08 02:00:00,2024-04-08 06:00:00,0,State 0
2024-04-08 07:00:00,2024-04-11 22:00:00,2,State 2
2024-04-11 23:00:00,2024-04-12 15:00:00,0,State 0
2024-04-12 16:00:00,2024-04-20 20:00:00,2,State 2
2024-04-20 21:00:00,2024-04-22 02:00:00,0,State 0
2024-04-22 03:00:00,2024-04-23 02:00:00,2,State 2
2024-04-23 03:00:00,2024-04-24 13:00:00,0,State 0
2024-04-24 14:00:00,2024-04-26 08:00:00,2,State 2
2024-04-26 09:00:00,2024-04-26 23:00:00,0,State 0
2024-04-27 00:00:00,2024-04-27 09:00:00,2,State 2
2024-04-27 10:00:00,2024-04-29 12:00:00,0,State 0
2024-04-29 13:00:00,2024-04-29 14:00:00,2,State 2
2024-04-29 15:00:00,2024-04-29 21:00:00,0,State 0
2024-04-29 22:00:00,2024-05-05 08:00:00,2,State 2
2024-05-05 09:00:00,2024-05-06 07:00:00,0,State 0
2024-05-06 08:00:00,2024-05-09 03:00:00,2,State 2
2024-05-09 04:00:00,2024-05-09 09:00:00,0,State 0
2024-05-09 10:00:00,2024-05-11 09:00:00,2,State 2
2024-05-11 10:00:00,2024-05-13 06:00:00,0,State 0
2024-05-13 07:00:00,2024-05-14 01:00:00,2,State 2
2024-05-14 02:00:00,2024-05-14 05:00:00,0,State 0
2024-05-14 06:00:00,2024-05-14 06:00:00,2,State 2
2024-05-14 07:00:00,2024-05-14 11:00:00,0,State 0
2024-05-14 12:00:00,2024-05-14 20:00:00,2,State 2
2024-05-14 21:00:00,2024-05-15 08:00:00,0,State 0
2024-05-15 09:00:00,2024-05-17 00:00:00,2,State 2
2024-05-17 01:00:00,2024-05-17 09:00:00,0,State 0
2024-05-17 10:00:00,2024-05-17 23:00:00,2,State 2
2024-05-18 00:00:00,2024-05-20 15:00:00,0,State 0
2024-05-20 16:00:00,2024-05-22 00:00:00,2,State 2
2024-05-22 01:00:00,2024-05-23 11:00:00,0,State 0
2024-05-23 12:00:00,2024-05-25 09:00:00,2,State 2
2024-05-25 10:00:00,2024-05-27 14:00:00,0,State 0
2024-05-27 15:00:00,2024-05-28 21:00:00,2,State 2
2024-05-28 22:00:00,2024-05-30 16:00:00,0,State 0
2024-05-30 17:00:00,2024-05-31 03:00:00,2,State 2
2024-05-31 04:00:00,2024-06-03 10:00:00,0,State 0
2024-06-03 11:00:00,2024-06-03 21:00:00,2,State 2
2024-06-03 22:00:00,2024-06-04 14:00:00,0,State 0
2024-06-04 15:00:00,2024-06-05 21:00:00,2,State 2
2024-06-05 22:00:00,2024-06-07 11:00:00,0,State 0
2024-06-07 12:00:00,2024-06-07 12:00:00,2,State 2
2024-06-07 13:00:00,2024-06-07 16:00:00,0,State 0
2024-06-07 17:00:00,2024-06-08 14:00:00,2,State 2
2024-06-08 15:00:00,2024-06-11 00:00:00,0,State 0
2024-06-11 01:00:00,2024-06-14 00:00:00,2,State 2
2024-06-14 01:00:00,2024-06-14 14:00:00,0,State 0
2024-06-14 15:00:00,2024-06-15 04:00:00,2,State 2
2024-06-15 05:00:00,2024-06-17 15:00:00,0,State 0
2024-06-17 16:00:00,2024-06-19 05:00:00,2,State 2
2024-06-19 06:00:00,2024-06-20 15:00:00,0,State 0
2024-06-20 16:00:00,2024-06-20 20:00:00,2,State 2
2024-06-20 21:00:00,2024-06-21 05:00:00,0,State 0
2024-06-21 06:00:00,2024-06-21 15:00:00,2,State 2
2024-06-21 16:00:00,2024-06-24 01:00:00,0,State 0
2024-06-24 02:00:00,2024-06-26 01:00:00,2,State 2
2024-06-26 02:00:00,2024-06-30 21:00:00,0,State 0
2024-06-30 22:00:00,2024-07-01 19:00:00,2,State 2
2024-07-01 20:00:00,2024-07-03 00:00:00,0,State 0
2024-07-03 01:00:00,2024-07-06 08:00:00,2,State 2
2024-07-06 09:00:00,2024-07-06 15:00:00,0,State 0
2024-07-06 16:00:00,2024-07-07 10:00:00,2,State 2
2024-07-07 11:00:00,2024-07-07 20:00:00,0,State 0
2024-07-07 21:00:00,2024-07-11 03:00:00,2,State 2
2024-07-11 04:00:00,2024-07-11 11:00:00,0,State 0
2024-07-11 12:00:00,2024-07-12 07:00:00,2,State 2
2024-07-12 08:00:00,2024-07-13 21:00:00,0,State 0
2024-07-13 22:00:00,2024-07-17 20:00:00,2,State 2
2024-07-17 21:00:00,2024-07-19 12:00:00,0,State 0
2024-07-19 13:00:00,2024-07-20 18:00:00,2,State 2
2024-07-20 19:00:00,2024-07-21 16:00:00,0,State 0
2024-07-21 17:00:00,2024-07-22 13:00:00,2,State 2
2024-07-22 14:00:00,2024-07-23 12:00:00,0,State 0
2024-07-23 13:00:00,2024-07-23 23:00:00,2,State 2
2024-07-24 00:00:00,2024-07-24 20:00:00,0,State 0
2024-07-24 21:00:00,2024-07-28 11:00:00,2,State 2
2024-07-28 12:00:00,2024-07-29 01:00:00,0,State 0
2024-07-29 02:00:00,2024-07-31 14:00:00,2,State 2
2024-07-31 15:00:00,2024-07-31 18:00:00,0,State 0
2024-07-31 19:00:00,2024-08-10 06:00:00,2,State 2
2024-08-10 07:00:00,2024-08-11 18:00:00,0,State 0
2024-08-11 19:00:00,2024-08-17 00:00:00,2,State 2
2024-08-17 01:00:00,2024-08-18 01:00:00,0,State 0
2024-08-18 02:00:00,2024-08-18 03:00:00,2,State 2
2024-08-18 04:00:00,2024-08-19 23:00:00,0,State 0
2024-08-20 00:00:00,2024-08-21 01:00:00,2,State 2
2024-08-21 02:00:00,2024-08-21 12:00:00,0,State 0
2024-08-21 13:00:00,2024-08-21 14:00:00,2,State 2
2024-08-21 15:00:00,2024-08-21 17:00:00,0,State 0
2024-08-21 18:00:00,2024-08-22 11:00:00,2,State 2
2024-08-22 12:00:00,2024-08-23 13:00:00,0,State 0
2024-08-23 14:00:00,2024-08-25 01:00:00,2,State 2
2024-08-25 02:00:00,2024-08-27 13:00:00,0,State 0
2024-08-27 14:00:00,2024-08-30 09:00:00,2,State 2
2024-08-30 10:00:00,2024-08-30 13:00:00,0,State 0
2024-08-30 14:00:00,2024-08-31 11:00:00,2,State 2
2024-08-31 12:00:00,2024-09-01 13:00:00,0,State 0
2024-09-01 14:00:00,2024-09-01 15:00:00,2,State 2
2024-09-01 16:00:00,2024-09-01 21:00:00,0,State 0
2024-09-01 22:00:00,2024-09-02 04:00:00,2,State 2
2024-09-02 05:00:00,2024-09-03 12:00:00,0,State 0
2024-09-03 13:00:00,2024-09-03 20:00:00,2,State 2
2024-09-03 21:00:00,2024-09-03 23:00:00,0,State 0
2024-09-04 00:00:00,2024-09-05 03:00:00,2,State 2
2024-09-05 04:00:00,2024-09-05 13:00:00,0,State 0
2024-09-05 14:00:00,2024-09-05 21:00:00,2,State 2
2024-09-05 22:00:00,2024-09-06 06:00:00,0,State 0
2024-09-06 07:00:00,2024-09-07 16:00:00,2,State 2
2024-09-07 17:00:00,2024-09-09 13:00:00,0,State 0
2024-09-09 14:00:00,2024-09-11 02:00:00,2,State 2
2024-09-11 03:00:00,2024-09-11 12:00:00,0,State 0
2024-09-11 13:00:00,2024-09-12 23:00:00,2,State 2
2024-09-13 00:00:00,2024-09-13 14:00:00,0,State 0
2024-09-13 15:00:00,2024-09-14 14:00:00,2,State 2
2024-09-14 15:00:00,2024-09-16 01:00:00,0,State 0
2024-09-16 02:00:00,2024-09-16 18:00:00,2,State 2
2024-09-16 19:00:00,2024-09-17 13:00:00,0,State 0
2024-09-17 14:00:00,2024-09-20 19:00:00,2,State 2
2024-09-20 20:00:00,2024-09-22 21:00:00,0,State 0
2024-09-22 22:00:00,2024-09-23 00:00:00,2,State 2
2024-09-23 01:00:00,2024-09-26 13:00:00,0,State 0
2024-09-26 14:00:00,2024-09-27 04:00:00,2,State 2
2024-09-27 05:00:00,2024-09-30 07:00:00,0,State 0
2024-09-30 08:00:00,2024-10-01 01:00:00,2,State 2
2024-10-01 02:00:00,2024-10-01 12:00:00,0,State 0
2024-10-01 13:00:00,2024-10-03 21:00:00,2,State 2
2024-10-03 22:00:00,2024-10-06 23:00:00,0,State 0
2024-10-07 00:00:00,2024-10-08 09:00:00,2,State 2
2024-10-08 10:00:00,2024-10-08 13:00:00,0,State 0
2024-10-08 14:00:00,2024-10-08 15:00:00,2,State 2
2024-10-08 16:00:00,2024-10-09 17:00:00,0,State 0
2024-10-09 18:00:00,2024-10-10 04:00:00,2,State 2
2024-10-10 05:00:00,2024-10-10 15:00:00,0,State 0
2024-10-10 16:00:00,2024-10-12 15:00:00,2,State 2
2024-10-12 16:00:00,2024-10-14 02:00:00,0,State 0
2024-10-14 03:00:00,2024-10-16 23:00:00,2,State 2
2024-10-17 00:00:00,2024-10-21 12:00:00,0,State 0
2024-10-21 13:00:00,2024-10-22 01:00:00,2,State 2
2024-10-22 02:00:00,2024-10-23 16:00:00,0,State 0
2024-10-23 17:00:00,2024-10-24 13:00:00,2,State 2
2024-10-24 14:00:00,2024-10-25 14:00:00,0,State 0
2024-10-25 15:00:00,2024-10-26 18:00:00,2,State 2
2024-10-26 19:00:00,2024-10-28 12:00:00,0,State 0
2024-10-28 13:00:00,2024-10-30 21:00:00,2,State 2
2024-10-30 22:00:00,2024-10-31 12:00:00,0,State 0
2024-10-31 13:00:00,2024-10-31 18:00:00,2,State 2
